{
  "n70_b20": {
    "n": 70,
    "beta": 20,
    "k": 35,
    "q": 521,
    "seeds": [
      1,
      2,
      3
    ],
    "gaps": [
      0.2441095279428437,
      0.35518941918624364,
      0.2439273345563094
    ],
    "E_pairs": [
      [
        0.7132714168098219,
        0.5587781297728104
      ],
      [
        0.7929793908626694,
        0.5559107797435254
      ],
      [
        0.709753537933646,
        0.5561235298401671
      ]
    ],
    "time_sec": 0.48012304306030273
  },
  "n70_b25": {
    "n": 70,
    "beta": 25,
    "k": 35,
    "q": 521,
    "seeds": [
      1,
      2,
      3
    ],
    "gaps": [
      0.3283962738934364,
      0.4435230371236098,
      0.3315745914448906
    ],
    "E_pairs": [
      [
        0.7132714168098219,
        0.5136107808065329
      ],
      [
        0.7929793908626694,
        0.5089115326977253
      ],
      [
        0.709753537933646,
        0.5094558466018789
      ]
    ],
    "time_sec": 0.54579758644104
  },
  "n70_b30": {
    "n": 70,
    "beta": 30,
    "k": 35,
    "q": 521,
    "seeds": [
      1,
      2,
      3
    ],
    "gaps": [
      0.4329630370630722,
      0.5216811810887033,
      0.44905978945569647
    ],
    "E_pairs": [
      [
        0.7132714168098219,
        0.46261676023471726
      ],
      [
        0.7929793908626694,
        0.4706506275610469
      ],
      [
        0.709753537933646,
        0.4529845371824151
      ]
    ],
    "time_sec": 0.7710671424865723
  },
  "n70_b35": {
    "n": 70,
    "beta": 35,
    "k": 35,
    "q": 521,
    "seeds": [
      1,
      2,
      3
    ],
    "gaps": [
      0.5171808988401686,
      0.6082693950830582,
      0.5131571315626757
    ],
    "E_pairs": [
      [
        0.7132714168098219,
        0.4252516527797226
      ],
      [
        0.7929793908626694,
        0.43161234566565265
      ],
      [
        0.709753537933646,
        0.4248604017675942
      ]
    ],
    "time_sec": 2.591758966445923
  },
  "n70_b40": {
    "n": 70,
    "beta": 40,
    "k": 35,
    "q": 521,
    "seeds": [
      1,
      2,
      3
    ],
    "gaps": [
      0.6492517343037557,
      0.6831046791068489,
      0.6525518459184195
    ],
    "E_pairs": [
      [
        0.7132714168098219,
        0.37263905956068494
      ],
      [
        0.7929793908626694,
        0.40049150422673946
      ],
      [
        0.709753537933646,
        0.36957952266308364
      ]
    ],
    "time_sec": 36.92759656906128
  },
  "n80_b20": {
    "n": 80,
    "beta": 20,
    "k": 40,
    "q": 521,
    "seeds": [
      1,
      2,
      3
    ],
    "gaps": [
      0.2424424687789491,
      0.38724107980880906,
      0.18755676275899968
    ],
    "E_pairs": [
      [
        1.0007433377937052,
        0.785292195316955
      ],
      [
        1.270327579407766,
        0.8624602000105192
      ],
      [
        0.8891002561460237,
        0.7370481632520333
      ]
    ],
    "time_sec": 0.7312486171722412
  },
  "n80_b25": {
    "n": 80,
    "beta": 25,
    "k": 40,
    "q": 521,
    "seeds": [
      1,
      2,
      3
    ],
    "gaps": [
      0.3549775939701553,
      0.452151019829999,
      0.26849187306320704
    ],
    "E_pairs": [
      [
        1.0007433377937052,
        0.701710374296302
      ],
      [
        1.270327579407766,
        0.8082561801445785
      ],
      [
        0.8891002561460237,
        0.6797452734748115
      ]
    ],
    "time_sec": 0.8263907432556152
  },
  "n80_b30": {
    "n": 80,
    "beta": 30,
    "k": 40,
    "q": 521,
    "seeds": [
      1,
      2,
      3
    ],
    "gaps": [
      0.4148454887521935,
      0.5111771346015143,
      0.34936013952239836
    ],
    "E_pairs": [
      [
        1.0007433377937052,
        0.660933250324498
      ],
      [
        1.270327579407766,
        0.7619286743822992
      ],
      [
        0.8891002561460237,
        0.626939386493388
      ]
    ],
    "time_sec": 1.1238503456115723
  },
  "n80_b35": {
    "n": 80,
    "beta": 35,
    "k": 40,
    "q": 521,
    "seeds": [
      1,
      2,
      3
    ],
    "gaps": [
      0.46504935788126045,
      0.6521841011187217,
      0.4304767016267813
    ],
    "E_pairs": [
      [
        1.0007433377937052,
        0.6285709960546192
      ],
      [
        1.270327579407766,
        0.6617223000611521
      ],
      [
        0.8891002561460237,
        0.5780921595763658
      ]
    ],
    "time_sec": 3.75900936126709
  },
  "n80_b40": {
    "n": 80,
    "beta": 40,
    "k": 40,
    "q": 521,
    "seeds": [
      1,
      2,
      3
    ],
    "gaps": [
      0.6018172170315288,
      0.7040546076687013,
      0.5216248434250356
    ],
    "E_pairs": [
      [
        1.0007433377937052,
        0.5482224436231969
      ],
      [
        1.270327579407766,
        0.6282734333087684
      ],
      [
        0.8891002561460237,
        0.5277301955339998
      ]
    ],
    "time_sec": 51.22598099708557
  },
  "n100_b20": {
    "n": 100,
    "beta": 20,
    "k": 50,
    "q": 521,
    "seeds": [
      1,
      2,
      3
    ],
    "gaps": [
      0.23830843162210927,
      0.1981181027975546,
      0.2310780963004984
    ],
    "E_pairs": [
      [
        1.7181783518763833,
        1.3538551645807255
      ],
      [
        1.6194386342995093,
        1.3283817397216577
      ],
      [
        1.6676148713024037,
        1.3235483692325452
      ]
    ],
    "time_sec": 1.6773314476013184
  },
  "n100_b25": {
    "n": 100,
    "beta": 25,
    "k": 50,
    "q": 521,
    "seeds": [
      1,
      2,
      3
    ],
    "gaps": [
      0.2668669128120565,
      0.2418765513486518,
      0.2986888005404837
    ],
    "E_pairs": [
      [
        1.7181783518763833,
        1.3157379922241699
      ],
      [
        1.6194386342995093,
        1.271507260191165
      ],
      [
        1.6676148713024037,
        1.2370203993142574
      ]
    ],
    "time_sec": 1.879739761352539
  },
  "n100_b30": {
    "n": 100,
    "beta": 30,
    "k": 50,
    "q": 521,
    "seeds": [
      1,
      2,
      3
    ],
    "gaps": [
      0.30767178996416505,
      0.29596523734458957,
      0.3135450738093568
    ],
    "E_pairs": [
      [
        1.7181783518763833,
        1.2631300938129857
      ],
      [
        1.6194386342995093,
        1.2045599696174771
      ],
      [
        1.6676148713024037,
        1.218778723391123
      ]
    ],
    "time_sec": 2.3036813735961914
  },
  "n100_b35": {
    "n": 100,
    "beta": 35,
    "k": 50,
    "q": 521,
    "seeds": [
      1,
      2,
      3
    ],
    "gaps": [
      0.37643323946106383,
      0.37651898384119914,
      0.4019158359777744
    ],
    "E_pairs": [
      [
        1.7181783518763833,
        1.179194280805133
      ],
      [
        1.6194386342995093,
        1.1113334307446232
      ],
      [
        1.6676148713024037,
        1.115696137651268
      ]
    ],
    "time_sec": 5.992579460144043
  },
  "n100_b40": {
    "n": 100,
    "beta": 40,
    "k": 50,
    "q": 521,
    "seeds": [
      1,
      2,
      3
    ],
    "gaps": [
      0.45537599227978376,
      0.44424479851375864,
      0.43303485153476723
    ],
    "E_pairs": [
      [
        1.7181783518763833,
        1.0896849737489385
      ],
      [
        1.6194386342995093,
        1.0385596160834245
      ],
      [
        1.6676148713024037,
        1.0815114280832163
      ]
    ],
    "time_sec": 83.31098484992981
  }
}